time,E_scr_pv,E_scr_sv,c_temp_pv,c_temp_sv,k_rpm_pv,k_rpm_sv,n_temp_pv,n_temp_sv,scale_pv,s_temp_pv,s_temp_sv,current_k_rpm,real_weight,predicted_weight_current,residual,corrected_target,recommended_k_rpm,predicted_weight_with_recommended
2025-10-16 06:09:42.847408+00:00,8,8,69.8,70,144,144,69.3,70,3.03,67.9,70,144,3.03,3.08,-0.05,3.05,190,3.05
2025-10-16 06:09:43.909787+00:00,8,8,69.8,70,144,144,69.3,70,3.03,68,70,144,3.03,3.08,-0.05,3.05,161,3.05
2025-10-16 06:10:52.949347+00:00,8,8,69.9,70,160,160,69.5,70,3.19,67.9,70,160,3.19,3.06,0.13,2.87,190,3.02
2025-10-16 06:12:07.660172+00:00,8,8,70,70,171,171,68.8,70,3,69.9,70,171,3,3.06,-0.06,3,171,3.06
2025-10-16 06:12:08.722568+00:00,8,8,70.1,70,169,169,68.7,70,3,69.9,70,169,3,3.07,-0.07,3,169,3.07
2025-10-16 06:12:46.515346+00:00,8,8,70.1,70,163,163,69.6,70,3.09,68.2,70,163,3.09,3.06,0.03,2.97,162,3.02
2025-10-16 06:12:47.577815+00:00,8,8,70.1,70,163,163,69.7,70,3.09,68.2,70,163,3.09,3.07,0.02,2.98,178,3.04
2025-10-16 06:12:48.655822+00:00,8,8,70.2,70,163,163,69.6,70,3.09,68.2,70,163,3.09,3.06,0.03,2.97,162,3.03
2025-10-16 06:13:38.509854+00:00,8,8,70.2,70,166,166,68.5,70,3.06,67.6,70,166,3.06,3.06,0,3,191,3.03
2025-10-16 06:13:39.603514+00:00,8,8,70.3,70,166,166,68.5,70,3.06,67.7,70,166,3.06,3.05,0.01,2.99,177,3.03
2025-10-16 06:13:55.865939+00:00,8,8,70.3,70,166,166,68.6,70,3.06,69.6,70,166,3.06,3.05,0.01,2.99,182,3.03
2025-10-16 06:13:56.943950+00:00,8,8,70.2,70,166,166,68.6,70,3.06,69.7,70,166,3.06,3.06,0,3,182,3.03
2025-10-16 06:14:53.391089+00:00,8,8,70.4,70,166,166,69,70,3.08,69.7,70,166,3.08,3.05,0.03,2.97,171,3.01
2025-10-16 06:14:54.469107+00:00,8,8,70.4,70,166,166.S0,69,70,3.08,69.8,70,166,3.08,3.06,0.02,2.98,171,3.01
2025-10-16 06:14:55.562669+00:00,8,8,70.5,70,166,166,69,70,3.08,69.9,70,166,3.08,3.04,0.04,2.96,171,2.99
2025-10-16 06:14:56.625123+00:00,8,8,70.3,70,166,166,68.8,70,3.08,70,70,166,3.08,3.05,0.03,2.97,170,3.02
2025-10-16 06:14:57.703134+00:00,8,8,70.4,70,166,166,68.9,70,3.08,70.1,70,166,3.08,3.05,0.03,2.97,171,3.02
2025-10-16 06:14:58.781141+00:00,8,8,70.4,70,166,166,68.9,70,3.08,70.2,70,166,3.08,3.05,0.03,2.97,171,3.02
2025-10-16 06:14:59.905944+00:00,8,8,70.3,70,166,166,68.7,70,3.08,70.3,70,166,3.08,3.06,0.02,2.98,178,3.03
2025-10-16 06:15:41.057910+00:00,8,8,70.4,70,170,170,69.5,70,3.27,68.8,70,170,3.27,3.04,0.23,2.77,180,3.03
2025-10-16 06:15:42.167088+00:00,8,8,70.4,70,172,172,69.6,70,3.27,69,70,172,3.27,3.04,0.23,2.77,180,3.02
2025-10-16 06:16:53.581474+00:00,8,8,70.6,70,178,178,68.6,70,3.18,69.1,70,178,3.18,3.04,0.14,2.86,188,3.01
2025-10-16 06:16:54.643857+00:00,8,8,70.6,70,180,180,68.6,70,3.18,68.9,70,180,3.18,3.05,0.13,2.87,188,3.02
2025-10-16 06:17:48.919349+00:00,8,8,70.6,70,183,183,68.4,70,2.99,68.6,70,183,2.99,3.04,-0.05,3,183,3.04
2025-10-16 06:17:49.997369+00:00,8,8,70.6,70,181,181,68.4,70,2.99,68.3,70,181,2.99,3.04,-0.05,3,181,3.04
2025-10-16 06:17:51.059753+00:00,8,8,70.5,70,176,176,68.4,70,2.99,68.2,70,176,2.99,3.06,-0.07,3,176,3.06
2025-10-16 06:18:07.370526+00:00,8,8,70.6,70,176,176,68.1,70,3.01,67.2,70,176,3.01,3.06,-0.05,3,176,3.06
2025-10-16 06:18:08.479699+00:00,8,8,70.6,70,176,176,68,70,3.01,67.1,70,176,3.01,3.06,-0.05,3,176,3.06
2025-10-16 06:18:39.757728+00:00,8,8,70.6,70,176,176,69.1,70,3.08,69.6,70,176,3.08,3.07,0.01,2.99,166,3.03
2025-10-16 06:18:40.835724+00:00,8,8,70.6,70,176,176,69,70,3.08,69.7,70,176,3.08,3.06,0.02,2.98,171,3.03
2025-10-16 06:18:54.318668+00:00,8,8,70.6,70,176,176,69.2,70,3.17,67.9,70,176,3.17,3.05,0.12,2.88,166,2.99
2025-10-16 06:18:55.412303+00:00,8,8,70.7,70,181,181,69.2,70,3.17,67.8,70,181,3.17,3.05,0.12,2.88,166,3.02
2025-10-16 06:19:27.096447+00:00,8,8,70.5,70,187,187,67.8,70,3.1,69,70,187,3.1,3.05,0.05,2.95,170,3.01
2025-10-16 06:19:58.858700+00:00,8,8,70.6,70,189,189,68.7,70,3.05,67,70,189,3.05,3.03,0.02,2.98,188,3.02
2025-10-16 06:19:59.952334+00:00,8,8,70.6,70,189,189,68.7,70,3.05,67.1,70,189,3.05,3.03,0.02,2.98,188,3.02
2025-10-16 06:20:13.075953+00:00,8,8,70.6,70,189,189,69.1,70,3.03,68.2,70,189,3.03,3.05,-0.02,3.02,150,3.02
2025-10-16 06:20:14.153953+00:00,8,8,70.6,70,189,189,69.2,70,3.03,68.3,70,189,3.03,3.06,-0.03,3.03,181,3.03
2025-10-16 06:20:15.247598+00:00,8,8,70.6,70,189,189,69.1,70,3.03,68.5,70,189,3.03,3.05,-0.02,3.02,183,3.01
2025-10-16 06:20:43.650828+00:00,8,8,70.5,70,189,189,67.9,70,3.03,67.2,70,189,3.03,3.03,0,3,194,3.01
2025-10-16 06:20:44.885062+00:00,8,8,70.5,70,189,189,67.9,70,3.03,67,70,189,3.03,3.04,-0.01,3.01,194,3.01
2025-10-16 06:21:11.476008+00:00,8,8,70.5,70,189,189,68.1,70,3.02,68.9,70,189,3.02,3.04,-0.02,3.02,194,3.02
2025-10-16 06:21:12.538391+00:00,8,8,70.5,70,189,189,68.1,70,3.02,69,70,189,3.02,3.04,-0.02,3.02,191,3.02
2025-10-16 06:21:47.362833+00:00,8,8,70.5,70,189,189,68.3,70,3.05,66.7,70,189,3.05,3.04,0.01,2.99,182,3.02
2025-10-16 06:21:48.440828+00:00,8,8,70.6,70,189,189,68.2,70,3.05,66.8,70,189,3.05,3.03,0.02,2.98,193,3.01
2025-10-16 06:22:18.906351+00:00,8,8,70.5,70,189,189,67.6,70,3.03,68.6,70,189,3.03,3.03,0,3,194,3
2025-10-16 06:22:19.984363+00:00,8,8,70.5,70,189,189,67.7,70,3.03,68.2,70,189,3.03,3.03,0,3,182,3.01
2025-10-16 06:22:50.402932+00:00,8,8,70.4,70,189,189,68,70,3.02,67.5,70,189,3.02,3.02,0,3,177,3.01
2025-10-16 06:22:51.465398+00:00,8,8,70.5,70,189,189,68,70,3.02,67.5,70,189,3.02,3.03,-0.01,3.01,194,3.02
2025-10-16 06:23:38.147949+00:00,8,8,70.5,70,189,189,67.5,70,3.04,66.9,70,189,3.04,3.05,-0.01,3.01,186,3.01
2025-10-16 06:23:39.225973+00:00,8,8,70.5,70,189,189,67.6,70,3.04,67,70,189,3.04,3.04,0,3,194,3
2025-10-16 06:24:28.111400+00:00,8,8,70.6,70,189,189,67.8,70,3.05,66.5,70,189,3.05,3.05,0,3,181,2.99
2025-10-16 06:24:29.189398+00:00,8,8,70.5,70,189,189,67.8,70,3.05,66.6,70,189,3.05,3.05,0,3,181,3.01
2025-10-16 06:25:17.996737+00:00,8,8,70.5,70,189,189,67,70,3.04,66.3,70,189,3.04,3.06,-0.02,3.02,185,3.03
2025-10-16 06:25:19.059129+00:00,8,8,70.5,70,189,189,67.1,70,3.04,66.4,70,189,3.04,3.05,-0.01,3.01,179,3.01
2025-10-16 06:26:12.131622+00:00,8,8,70.4,70,189,189,67,70,3.05,66.5,70,189,3.05,3.05,0,3,193,3.02
2025-10-16 06:26:13.225255+00:00,8,8,70.4,70,189,189,66.9,70,3.05,66.7,70,189,3.05,3.05,0,3,162,3
2025-10-16 06:26:58.907917+00:00,8,8,70.3,70,189,189,66.8,70,3.03,66.1,70,189,3.03,3.04,-0.01,3.01,192,3.01
2025-10-16 06:27:00.079665+00:00,8,8,70.5,70,189,189,66.8,70,3.03,66.2,70,189,3.03,3.05,-0.02,3.02,192,3.02
2025-10-16 06:27:39.419163+00:00,8,8,70.2,70,189,189,67,70,2.98,66,70,189,2.98,3.04,-0.06,3.06,186,3.06
2025-10-16 06:27:40.497252+00:00,8,8,70.4,70,187,187,67,70,2.98,66,70,187,2.98,3.02,-0.04,3.04,184,3.04
2025-10-16 06:27:55.855000+00:00,8,8,70.4,70,187,187,66.4,70,3.02,66.4,70,187,3.02,3.03,-0.01,3.01,192,3.02
2025-10-16 06:27:56.917391+00:00,8,8,70.3,70,187,187,66.4,70,3.02,66.5,70,187,3.02,3.03,-0.01,3.01,191,3.01
2025-10-16 06:28:42.146890+00:00,8,8,70.3,70,187,187,67.6,70,3.06,65.8,70,187,3.06,3.03,0.03,2.97,175,3.01
2025-10-16 06:29:27.595273+00:00,8,8,70.2,70,187,187,66.6,70,2.97,66.1,70,187,2.97,3.01,-0.04,3.04,186,3.04
2025-10-16 06:29:28.688826+00:00,8,8,70.2,70,186,186,66.6,70,2.97,65.9,70,186,2.97,3.08,-0.11,3.11,148,3.1
2025-10-16 06:29:48.436814+00:00,8,8,70.2,70,185,185,67.1,70,3.03,67,70,185,3.03,3.05,-0.02,3.02,193,3.02
2025-10-16 06:29:49.530457+00:00,8,8,70.2,70,185,185,67.2,70,3.03,67.3,70,185,3.03,3.05,-0.02,3.02,190,3.02
2025-10-16 06:30:20.758646+00:00,8,8,70.2,70,185,185,67.6,70,3.08,66.8,70,185,3.08,3.04,0.04,2.96,170,3
2025-10-16 06:30:21.836644+00:00,8,8,70.1,70,185,185,67.6,70,3.08,66.7,70,185,3.08,3.05,0.03,2.97,162,3
2025-10-16 06:30:22.945824+00:00,8,8,70.1,70,185,185,67.5,70,3.08,66.5,70,185,3.08,3.07,0.01,2.99,161,3.01
2025-10-16 06:30:43.537469+00:00,8,8,70.2,70,186,186,66.9,70,3.1,66.2,70,186,3.1,3.05,0.05,2.95,178,3
2025-10-16 06:31:15.174660+00:00,8,8,70.1,70,186,186,67.1,70,3.07,66.9,70,186,3.07,3.04,0.03,2.97,161,2.99
2025-10-16 06:31:16.284000+00:00,8,8,70.1,70,186,186,67.1,70,3.07,66.8,70,186,3.07,3.04,0.03,2.97,162,3
2025-10-16 06:31:48.952412+00:00,8,8,70.1,70,186,186,67.3,70,3.06,67.8,70,186,3.06,3.04,0.02,2.98,165,3.01
2025-10-16 06:31:50.014796+00:00,8,8,70.1,70,186,186,67.2,70,3.06,67.9,70,186,3.06,3.04,0.02,2.98,165,3.01
2025-10-16 06:31:51.108429+00:00,8,8,70.1,70,186,186,67.2,70,3.06,68.2,70,186,3.06,3.04,0.02,2.98,191,3.02
2025-10-16 06:32:22.745703+00:00,8,8,70.1,70,186,186,66.7,70,3.07,66.2,70,186,3.07,3.04,0.03,2.97,188,3
2025-10-16 06:32:23.839351+00:00,8,8,70.1,70,186,186,66.7,70,3.07,66.3,70,186,3.07,3.04,0.03,2.97,192,3
2025-10-16 06:33:01.991539+00:00,8,8,70,70,186,186,67.7,70,3.07,66.1,70,186,3.07,2.98,0.09,2.91,186,2.98
2025-10-16 06:33:03.069550+00:00,8,8,70.1,70,186,186,67.7,70,3.07,66,70,186,3.07,3.05,0.02,2.98,190,3.03
2025-10-16 06:34:37.606406+00:00,8,8,70.1,70,186,186,66.4,70,3.04,66.7,70,186,3.04,3.04,0,3,193,3.01
2025-10-16 06:34:38.699956+00:00,8,8,70,70,186,186,66.3,70,3.04,66.8,70,186,3.04,3.06,-0.02,3.02,193,3.02
2025-10-16 06:35:29.803997+00:00,8,8,70,70,186,186,67.5,70,3.03,66.6,70,186,3.03,3.03,0,3,169,3.01
2025-10-16 06:35:30.897624+00:00,8,8,70,70,186,186,67.5,70,3.03,66.5,70,186,3.03,3.03,0,3,169,3
2025-10-16 06:36:25.141875+00:00,8,8,69.9,70,186,186,66.3,70,3.09,66.4,70,186,3.09,3.03,0.06,2.94,176,3.01
2025-10-16 06:36:26.266751+00:00,8,8,69.9,70,186,186,66.5,70,3.09,66.4,70,186,3.09,3.02,0.07,2.93,176,3
2025-10-16 06:36:27.360309+00:00,8,8,70.1,70,186,186,66.5,70,3.09,66.3,70,186,3.09,3.04,0.05,2.95,192,3.01
2025-10-16 06:37:39.259018+00:00,8,8,69.9,70,186,186,66.7,70,3.01,66.2,70,186,3.01,3.03,-0.02,3,186,3.03
2025-10-16 06:37:40.352608+00:00,8,8,69.8,70,186,186,66.6,70,3.01,66.2,70,186,3.01,3.04,-0.03,3,186,3.04
2025-10-16 06:38:14.989602+00:00,8,8,69.8,70,186,186,67.7,70,3.04,66.4,70,186,3.04,3.07,-0.03,3.03,178,3.03
2025-10-16 06:38:16.067618+00:00,8,8,69.8,70,186,186,67.7,70,3.04,66.3,70,186,3.04,3.05,-0.01,3.01,161,3.01
2025-10-16 06:39:06.296667+00:00,8,8,69.8,70,186,186,66.8,70,3.08,66.6,70,186,3.08,3,0.08,2.92,186,3
2025-10-16 06:39:07.390292+00:00,8,8,69.8,70,186,186,66.9,70,3.08,66.4,70,186,3.08,3.02,0.06,2.94,176,3.01
2025-10-16 06:39:08.577591+00:00,8,8,69.8,70,186,186,66.9,70,3.08,66.3,70,186,3.08,3.02,0.06,2.94,176,2.98
2025-10-16 06:39:40.980485+00:00,8,8,69.8,70,186,186,67.1,70,3.08,68.3,70,186,3.08,3.04,0.04,2.96,167,3
2025-10-16 06:39:42.058498+00:00,8,8,69.8,70,186,186,67.1,70,3.08,68.4,70,186,3.08,3.04,0.04,2.96,166,3
2025-10-16 06:40:12.508395+00:00,8,8,69.8,70,186,186,66.9,70,3.06,66.1,70,186,3.06,3.05,0.01,2.99,188,3
2025-10-16 06:40:13.586409+00:00,8,8,69.8,70,186,186,67,70,3.06,66.1,70,186,3.06,3.03,0.03,2.97,176,2.99
2025-10-16 06:41:06.407170+00:00,8,8,69.8,70,186,186,66.8,70,3.07,66,70,186,3.07,3.04,0.03,2.97,176,3.02
2025-10-16 06:41:07.485179+00:00,8,8,69.9,70,186,186,66.7,70,3.07,66.1,70,186,3.07,3.02,0.05,2.95,176,3
2025-10-16 06:41:39.809885+00:00,8,8,69.8,70,186,186,67.4,70,3.09,68.3,70,186,3.09,3.04,0.05,2.95,176,2.99
2025-10-16 06:41:40.903519+00:00,8,8,69.7,70,187,187,67.4,70,3.09,68.4,70,187,3.09,3.03,0.06,2.94,178,3
2025-10-16 06:42:28.554709+00:00,8,8,69.8,70,187,187,66.8,70,3.08,66.3,70,187,3.08,3.03,0.05,2.95,176,2.99
2025-10-16 06:42:29.648264+00:00,8,8,69.8,70,187,187,66.9,70,3.08,66.3,70,187,3.08,3.03,0.05,2.95,176,2.98
2025-10-16 06:42:30.741898+00:00,8,8,69.8,70,187,187,66.9,70,3.08,66.4,70,187,3.08,3.04,0.04,2.96,176,3.01
2025-10-16 06:43:16.299647+00:00,8,8,69.7,70,187,187,67.2,70,3.07,66,70,187,3.07,3.04,0.03,2.97,161,2.98
2025-10-16 06:43:17.393282+00:00,8,8,69.8,70,187,187,67.2,70,3.06,66.1,70,187,3.06,3.04,0.02,2.98,161,2.97
2025-10-16 06:43:34.813308+00:00,8,8,69.7,70,187,187,66.6,70,3.07,67,70,187,3.07,3.04,0.03,2.97,183,3.02
2025-10-16 06:43:35.891328+00:00,8,8,69.7,70,187,187,66.7,70,3.07,67.1,70,187,3.07,3.04,0.03,2.97,179,3.01
2025-10-16 06:43:36.969343+00:00,8,8,69.9,70,187,187,66.7,70,3.06,67.2,70,187,3.06,3.01,0.05,2.95,178,2.99
2025-10-16 06:43:38.187873+00:00,8,8,69.7,70,187,187,66.8,70,3.06,67.4,70,187,3.06,3.03,0.03,2.97,178,3
2025-10-16 06:43:39.265969+00:00,8,8,69.7,70,187,187,66.7,70,3.06,67.5,70,187,3.06,3.01,0.05,2.95,176,3.01
2025-10-16 06:43:40.390843+00:00,8,8,69.7,70,187,187,66.8,70,3.06,67.5,70,187,3.06,3.03,0.03,2.97,178,3
2025-10-16 06:43:41.468853+00:00,8,8,69.7,70,187,187,67,70,3.06,67.6,70,187,3.06,3.04,0.02,2.98,176,3.01
2025-10-16 06:43:42.546783+00:00,8,8,69.7,70,187,187,66.9,70,3.06,67.8,70,187,3.06,3.04,0.02,2.98,178,3
2025-10-16 06:43:43.624881+00:00,8,8,69.8,70,187,187,67,70,3.06,67.9,70,187,3.06,3.03,0.03,2.97,166,3
2025-10-16 06:43:44.702890+00:00,8,8,69.7,70,187,187,67.1,70,3.06,68.1,70,187,3.06,3.05,0.01,2.99,178,3.01
2025-10-16 06:43:45.905803+00:00,8,8,69.7,70,187,187,67.1,70,3.06,68.2,70,187,3.06,3.04,0.02,2.98,178,3.01
2025-10-16 06:43:46.999520+00:00,8,8,69.8,70,187,187,67.1,70,3.06,68.3,70,187,3.06,3.04,0.02,2.98,167,3
2025-10-16 06:44:43.368540+00:00,8,8,69.7,70,187,187,66.1,70,3.06,67.9,70,187,3.06,2.99,0.07,2.93,187,2.99
2025-10-16 06:44:44.508964+00:00,8,8,69.8,70,187,187,66.2,70,3.05,67.9,70,187,3.05,2.98,0.07,2.93,187,2.98
2025-10-16 06:45:13.818436+00:00,8,8,69.7,70,187,187,67.1,70,3.07,65.9,70,187,3.07,3.02,0.05,2.95,176,2.98
2025-10-16 06:45:14.912078+00:00,8,8,69.7,70,187,187,67.1,70,3.07,65.8,70,187,3.07,3.04,0.03,2.97,176,2.98
2025-10-16 06:45:15.990085+00:00,8,8,69.7,70,187,187,67.2,70,3.07,66,70,187,3.07,3.04,0.03,2.97,161,2.98
2025-10-16 06:46:45.060856+00:00,8,8,69.7,70,187,187,67.5,70,3.07,67.9,70,187,3.07,3.04,0.03,2.97,178,3.01
2025-10-16 06:47:17.526082+00:00,8,8,69.6,70,187,187,67,70,3.11,66.1,70,187,3.11,3.05,0.06,2.94,172,3
2025-10-16 06:47:18.572846+00:00,8,8,69.7,70,190,190,67,70,3.11,66.1,70,190,3.11,3.05,0.06,2.94,188,2.99
2025-10-16 06:47:48.163459+00:00,8,8,69.7,70,190,190,67.2,70,3.01,68.4,70,190,3.01,3.04,-0.03,3,190,3.04
2025-10-16 06:47:49.241545+00:00,8,8,69.6,70,190,190,67.2,70,3.01,68.3,70,190,3.01,3.06,-0.05,3,190,3.06
2025-10-16 06:48:19.894548+00:00,8,8,69.7,70,190,190,66.9,70,3.01,65.8,70,190,3.01,3.04,-0.03,3,190,3.04
2025-10-16 06:48:20.956873+00:00,8,8,69.7,70,189,189,66.9,70,3.01,65.8,70,189,3.01,3.04,-0.03,3,189,3.04
2025-10-16 06:48:51.750547+00:00,8,8,69.6,70,189,189,67.2,70,3.03,68.3,70,189,3.03,3.05,-0.02,3.02,179,3.02
2025-10-16 06:48:52.812854+00:00,8,8,69.7,70,189,189,67.2,70,3.03,68.2,70,189,3.03,3.06,-0.03,3.03,193,3.03
2025-10-16 06:49:20.231896+00:00,8,8,69.7,70,189,189,67.7,70,3.04,65.9,70,189,3.04,3.06,-0.02,3.02,176,3.01
2025-10-16 06:49:21.356702+00:00,8,8,69.8,70,189,189,67.6,70,3.04,65.9,70,189,3.04,3.04,0,3,186,3.01
2025-10-16 06:49:39.432910+00:00,8,8,69.7,70,189,189,67,70,3.03,67.3,70,189,3.03,3.04,-0.01,3.01,184,3.01
2025-10-16 06:49:40.464144+00:00,8,8,69.7,70,189,189,67,70,3.03,67.4,70,189,3.03,3.04,-0.01,3.01,181,3.01
2025-10-16 06:51:15.719660+00:00,8,8,69.7,70,189,189,66.9,70,3.04,66.8,70,189,3.04,3.04,0,3,178,3
2025-10-16 06:51:16.781965+00:00,8,8,69.7,70,189,189,66.9,70,3.04,66.9,70,189,3.04,3.04,0,3,178,3
2025-10-16 06:51:48.622351+00:00,8,8,69.7,70,189,189,67.3,70,3.01,66,70,189,3.01,3.01,0,3,189,3.01
2025-10-16 06:51:49.653567+00:00,8,8,69.6,70,189,189,67.3,70,3.01,65.9,70,189,3.01,3.02,-0.01,3,189,3.02
2025-10-16 06:52:25.634128+00:00,8,8,69.6,70,189,189,66.4,70,3,68.4,70,189,3,3.04,-0.04,3,189,3.04
2025-10-16 06:52:26.696427+00:00,8,8,69.6,70,188,188,66.3,70,3.01,68.3,70,188,3.01,3.03,-0.02,3,188,3.03
2025-10-16 06:53:37.938950+00:00,8,8,69.6,70,188,188,66.5,70,3.08,65.9,70,188,3.08,3.06,0.02,2.98,181,3.01
2025-10-16 06:53:38.985718+00:00,8,8,69.6,70,188,188,66.4,70,3.08,65.9,70,188,3.08,3.05,0.03,2.97,181,3.01
2025-10-16 06:54:06.451551+00:00,8,8,69.6,70,188,188,67.4,70,3.07,68,70,188,3.07,3.06,0.01,2.99,187,3.02
2025-10-16 06:54:07.498246+00:00,8,8,69.6,70,188,188,67.3,70,3.07,68.1,70,188,3.07,3.05,0.02,2.98,178,3.02
2025-10-16 06:54:42.697704+00:00,8,8,69.6,70,188,188,67.1,70,3.05,66.2,70,188,3.05,3.02,0.03,2.97,172,3
2025-10-16 06:55:29.677100+00:00,8,8,69.7,70,188,188,67.1,70,3.07,66.7,70,188,3.07,3.04,0.03,2.97,166,3
2025-10-16 06:55:30.739412+00:00,8,8,69.7,70,188,188,67.2,70,3.07,66.7,70,188,3.07,3.05,0.02,2.98,161,2.99
2025-10-16 06:56:19.562454+00:00,8,8,69.7,70,188,188,67,70,3.02,68.3,70,188,3.02,3.04,-0.02,3.02,193,3.01
2025-10-16 06:57:29.320626+00:00,8,8,69.7,70,188,188,66.9,70,3.04,68.3,70,188,3.04,3.05,-0.01,3.01,180,3.01
2025-10-16 06:57:30.367438+00:00,8,8,69.7,70,188,188,66.9,70,3.04,68,70,188,3.04,3.05,-0.01,3.01,193,3
2025-10-16 06:58:18.268524+00:00,8,8,69.6,70,188,188,66.9,70,3.05,67.2,70,188,3.05,3.04,0.01,2.99,178,3
2025-10-16 06:58:19.315287+00:00,8,8,69.6,70,188,188,66.8,70,3.05,67.4,70,188,3.05,3.04,0.01,2.99,178,3.01
2025-10-16 06:58:54.171046+00:00,8,8,69.7,70,188,188,67.6,70,3.07,65.9,70,188,3.07,3.04,0.03,2.97,161,2.97
2025-10-16 06:58:55.233428+00:00,8,8,69.7,70,188,188,67.6,70,3.07,65.9,70,188,3.07,3.04,0.03,2.97,161,2.97
2025-10-16 06:59:43.009544+00:00,8,8,69.6,70,188,188,66.9,70,3.04,65.8,70,188,3.04,3.03,0.01,2.99,178,3.01
2025-10-16 06:59:44.072006+00:00,8,8,69.6,70,188,188,66.9,70,3.04,65.8,70,188,3.04,3.03,0.01,2.99,178,3.01
2025-10-16 07:00:13.928141+00:00,8,8,69.6,70,188,188,67.4,70,3.05,68.3,70,188,3.05,3.04,0.01,2.99,175,3.01
2025-10-16 07:00:14.959368+00:00,8,8,69.6,70,188,188,67.3,70,3.05,68.3,70,188,3.05,3.04,0.01,2.99,175,3
2025-10-16 07:00:47.737125+00:00,8,8,69.6,70,188,188,67.6,70,3.06,66.7,70,188,3.06,3.08,-0.02,3.02,178,3.02
2025-10-16 07:00:48.783897+00:00,8,8,69.6,70,188,188,67.7,70,3.06,66.8,70,188,3.06,3.07,-0.01,3.01,178,3.02
2025-10-16 07:02:07.246129+00:00,8,8,69.7,70,188,188,66.6,70,3.03,66.5,70,188,3.03,3.03,0,3,185,3.01
2025-10-16 07:02:08.308505+00:00,8,8,69.7,70,188,188,66.6,70,3.03,66.4,70,188,3.03,3.03,0,3,182,3.01
2025-10-16 07:02:57.881378+00:00,8,8,69.7,70,188,188,67.8,70,3.03,66.9,70,188,3.03,3.05,-0.02,3.02,180,3.02
2025-10-16 07:02:58.928150+00:00,8,8,69.5,70,188,188,67.8,70,3.03,66.9,70,188,3.03,3.04,-0.01,3.01,186,3.01
2025-10-16 07:03:41.345440+00:00,8,8,69.6,70,188,188,67.1,70,3.04,68,70,188,3.04,3.06,-0.02,3.02,185,3.02
2025-10-16 07:03:42.392212+00:00,8,8,69.6,70,188,188,67.1,70,3.04,68.1,70,188,3.04,3.05,-0.01,3.01,178,3.01
2025-10-16 07:04:04.671189+00:00,8,8,69.6,70,188,188,67.4,70,3.05,66.1,70,188,3.05,3.04,0.01,2.99,183,2.99
2025-10-16 07:04:05.717871+00:00,8,8,69.7,70,188,188,67.4,70,3.05,66,70,188,3.05,3.03,0.02,2.98,161,2.97
2025-10-16 07:04:52.212928+00:00,8,8,69.7,70,188,188,66.9,70,3.02,66.2,70,188,3.02,3,0.02,2.98,187,2.99
2025-10-16 07:06:01.002507+00:00,8,8,69.7,70,188,188,67.1,70,3.06,66.6,70,188,3.06,3.04,0.02,2.98,166,2.99
2025-10-16 07:06:02.033726+00:00,8,8,69.7,70,188,188,67,70,3.06,66.7,70,188,3.06,3.04,0.02,2.98,193,3.02
2025-10-16 07:06:33.686542+00:00,8,8,69.7,70,188,188,67.1,70,3.07,66.4,70,188,3.07,3.04,0.03,2.97,166,2.99
2025-10-16 07:06:34.717772+00:00,8,8,69.6,70,188,188,67,70,3.07,66.3,70,188,3.07,3.04,0.03,2.97,172,2.99
2025-10-16 07:07:03.652194+00:00,8,8,69.6,70,188,188,66.3,70,3.08,67.8,70,188,3.08,3.05,0.03,2.97,172,3
2025-10-16 07:08:54.343503+00:00,8,8,69.7,70,188,188,67.2,70,3.07,68,70,188,3.07,3.06,0.01,2.99,184,3
2025-10-16 07:08:55.390267+00:00,8,8,69.6,70,188,188,67.2,70,3.07,68.2,70,188,3.07,3.05,0.02,2.98,178,3.01
2025-10-16 07:10:04.258051+00:00,8,8,69.6,70,188,188,66.8,70,3.07,66.6,70,188,3.07,3.04,0.03,2.97,186,3.01
2025-10-16 07:10:05.304807+00:00,8,8,69.6,70,188,188,66.9,70,3.07,66.4,70,188,3.07,3.06,0.01,2.99,172,3.01
2025-10-16 07:11:03.001736+00:00,8,8,69.6,70,188,188,66.8,70,3.06,66,70,188,3.06,3.03,0.03,2.97,176,3.02
2025-10-16 07:11:44.262991+00:00,8,8,69.6,70,188,188,67.8,70,3.06,67.2,70,188,3.06,3.04,0.02,2.98,183,3.01
2025-10-16 07:11:45.309825+00:00,8,8,69.6,70,188,188,67.8,70,3.06,67.1,70,188,3.06,3.04,0.02,2.98,181,3.01
2025-10-16 07:11:46.356597+00:00,8,8,69.6,70,188,188,67.8,70,3.06,67,70,188,3.06,3.04,0.02,2.98,181,3.02
2025-10-16 07:12:39.679069+00:00,8,8,69.6,70,188,188,67,70,3.06,66.8,70,188,3.06,3.04,0.02,2.98,178,3.01
2025-10-16 07:12:40.757075+00:00,8,8,69.7,70,188,188,67,70,3.06,66.8,70,188,3.06,3.05,0.01,2.99,178,3.01
2025-10-16 07:13:30.798580+00:00,8,8,69.7,70,188,188,66.6,70,3.04,66.7,70,188,3.04,3.04,0,3,193,3.02
2025-10-16 07:14:05.810478+00:00,8,8,69.7,70,188,188,67.8,70,3.06,67.4,70,188,3.06,3.04,0.02,2.98,184,3.02
2025-10-16 07:14:06.888488+00:00,8,8,69.7,70,188,188,67.9,70,3.06,67.5,70,188,3.06,3.04,0.02,2.98,184,3.01
2025-10-16 07:14:51.649451+00:00,8,8,69.7,70,188,188,66.8,70,3.04,66.1,70,188,3.04,3.02,0.02,2.98,176,3.02
2025-10-16 07:14:52.711835+00:00,8,8,69.7,70,188,188,66.8,70,3.04,66.1,70,188,3.04,3.02,0.02,2.98,176,3.02
2025-10-16 07:15:08.741313+00:00,8,8,69.7,70,188,188,67.1,70,3.03,67.8,70,188,3.03,3.05,-0.02,3.02,178,3.02
2025-10-16 07:15:09.788071+00:00,8,8,69.6,70,188,188,67,70,3.03,67.9,70,188,3.03,3.07,-0.04,3.04,182,3.04
2025-10-16 07:16:00.610806+00:00,8,8,69.6,70,188,188,67,70,3.06,66.9,70,188,3.06,3.03,0.03,2.97,182,3.01
2025-10-16 07:16:01.673193+00:00,8,8,69.6,70,188,188,67,70,3.06,67.1,70,188,3.06,3.04,0.02,2.98,178,3.01
2025-10-16 07:17:27.429829+00:00,8,8,69.7,70,188,188,67.4,70,3.03,67.2,70,188,3.03,3.04,-0.01,3.01,183,3.01
2025-10-16 07:17:28.476565+00:00,8,8,69.6,70,188,188,67.4,70,3.03,67,70,188,3.03,3.04,-0.01,3.01,171,3.01
2025-10-16 07:17:46.396549+00:00,8,8,69.6,70,188,188,66.9,70,3.04,65.9,70,188,3.04,3.03,0.01,2.99,176,3.01
2025-10-16 07:18:17.322142+00:00,8,8,69.7,70,188,188,67.1,70,3.05,67.6,70,188,3.05,3.04,0.01,2.99,178,3.02
2025-10-16 07:18:18.384445+00:00,8,8,69.7,70,188,188,67.1,70,3.05,67.8,70,188,3.05,3.05,0,3,178,3.02
2025-10-16 07:19:24.439941+00:00,8,8,69.7,70,188,188,67.8,70,3.02,68.4,70,188,3.02,3.04,-0.02,3.02,178,3.02
2025-10-16 07:19:25.486788+00:00,8,8,69.7,70,188,188,67.8,70,3.02,68.3,70,188,3.02,3.04,-0.02,3.02,178,3.02
2025-10-16 07:20:08.076026+00:00,8,8,69.8,70,188,188,66.7,70,3.02,66.6,70,188,3.02,3.04,-0.02,3.02,184,3.03
2025-10-16 07:20:09.138327+00:00,8,8,69.8,70,188,188,66.7,70,3.02,66.6,70,188,3.02,3.04,-0.02,3.02,184,3.03
2025-10-16 07:20:40.041382+00:00,8,8,69.8,70,188,188,67.3,70,3.03,67.7,70,188,3.03,3.04,-0.01,3.01,191,3.02
2025-10-16 07:21:24.833510+00:00,8,8,69.7,70,188,188,66.8,70,3.02,68.3,70,188,3.02,3.05,-0.03,3.03,190,3.04
2025-10-16 07:21:25.895909+00:00,8,8,69.8,70,188,188,66.8,70,3.02,68.3,70,188,3.02,3.05,-0.03,3.03,181,3.03
2025-10-16 07:22:08.422554+00:00,8,8,69.8,70,188,188,67.8,70,3.04,66.7,70,188,3.04,3.05,-0.01,3.01,182,3.01
2025-10-16 07:22:09.469319+00:00,8,8,69.7,70,188,188,67.7,70,3.04,66.7,70,188,3.04,3.07,-0.03,3.03,181,3.03
2025-10-16 07:22:42.387782+00:00,8,8,69.7,70,188,188,66.9,70,3.02,67.2,70,188,3.02,3.04,-0.02,3.02,193,3.02
2025-10-16 07:22:43.606400+00:00,8,8,69.8,70,188,188,66.9,70,3.02,67,70,188,3.02,3.05,-0.03,3.03,193,3.03
2025-10-16 07:24:24.220657+00:00,8,8,69.7,70,188,188,66.9,70,3.05,67.8,70,188,3.05,3.05,0,3,178,3
2025-10-16 07:24:25.283055+00:00,8,8,69.7,70,188,188,67,70,3.05,67.9,70,188,3.05,3.06,-0.01,3.01,178,3.01
2025-10-16 07:24:58.498284+00:00,8,8,69.7,70,188,188,67,70,3.07,66.2,70,188,3.07,3.01,0.06,2.94,176,2.99
2025-10-16 07:24:59.545036+00:00,8,8,69.7,70,188,188,67,70,3.07,66.3,70,188,3.07,3.05,0.02,2.98,176,3.01
2025-10-16 07:25:59.944881+00:00,8,8,69.6,70,188,188,66.8,70,3.06,67.1,70,188,3.06,3.03,0.03,2.97,178,3.01
2025-10-16 07:26:00.976100+00:00,8,8,69.7,70,188,188,66.8,70,3.06,67.3,70,188,3.06,3.04,0.02,2.98,178,3
2025-10-16 07:27:37.528365+00:00,8,8,69.7,70,188,188,67,70,3.05,66.1,70,188,3.05,2.99,0.06,2.94,188,2.99
2025-10-16 07:27:38.590672+00:00,8,8,69.7,70,188,188,67,70,3.05,66.1,70,188,3.05,2.99,0.06,2.94,188,2.99
2025-10-16 07:28:09.337412+00:00,8,8,69.7,70,188,188,67.1,70,3.05,68.2,70,188,3.05,3.04,0.01,2.99,178,3.01
2025-10-16 07:28:10.384315+00:00,8,8,69.8,70,188,188,67.2,70,3.05,68.3,70,188,3.05,3.03,0.02,2.98,177,3
2025-10-16 07:28:44.193156+00:00,8,8,69.7,70,188,188,66.8,70,3.03,66.2,70,188,3.03,3.05,-0.02,3.02,177,3.02
2025-10-16 07:28:45.255553+00:00,8,8,69.8,70,188,188,66.8,70,3.03,66.6,70,188,3.03,3.05,-0.02,3.02,185,3.02
2025-10-16 07:29:22.376626+00:00,8,8,69.8,70,188,188,67.4,70,3.04,67,70,188,3.04,3.04,0,3,181,3
2025-10-16 07:29:23.423386+00:00,8,8,69.8,70,188,188,67.5,70,3.04,66.9,70,188,3.04,3.04,0,3,176,3
2025-10-16 07:31:51.376369+00:00,8,8,69.8,70,188,188,67.2,70,3.02,67.9,70,188,3.02,3.04,-0.02,3.02,178,3.02
2025-10-16 07:31:52.470084+00:00,8,8,69.8,70,188,188,67.3,70,3.02,67.7,70,188,3.02,3.04,-0.02,3.02,191,3.02
2025-10-16 07:32:22.310662+00:00,8,8,69.7,70,188,188,66.6,70,3.02,66.7,70,188,3.02,3.04,-0.02,3.02,193,3.02
2025-10-16 07:32:23.373081+00:00,8,8,69.8,70,188,188,66.5,70,3.02,66.8,70,188,3.02,3.04,-0.02,3.02,193,3.02
2025-10-16 07:33:26.022661+00:00,8,8,69.7,70,188,188,67.8,70,3.04,67.8,70,188,3.04,3.05,-0.01,3.01,171,3.02
2025-10-16 07:34:48.954899+00:00,8,8,69.7,70,188,188,67.9,70,3.06,65.8,70,188,3.06,3.04,0.02,2.98,161,3
2025-10-16 07:34:50.001677+00:00,8,8,69.7,70,188,188,67.8,70,3.06,66,70,188,3.06,3.04,0.02,2.98,161,2.99
2025-10-16 07:36:42.864694+00:00,8,8,69.6,70,188,188,67,70,3.04,67.1,70,188,3.04,3.04,0,3,178,3.01
2025-10-16 07:37:15.111275+00:00,8,8,69.7,70,188,188,67.5,70,3.02,65.9,70,188,3.02,3.03,-0.01,3.01,176,3.01
2025-10-16 07:37:16.142497+00:00,8,8,69.7,70,188,188,67.5,70,3.02,65.8,70,188,3.02,3.02,0,3,176,2.99
2025-10-16 07:38:14.901889+00:00,8,8,69.7,70,188,188,67.2,70,3.08,66,70,188,3.08,3.01,0.07,2.93,161,2.98
2025-10-16 07:38:43.648843+00:00,8,8,69.7,70,188,188,66.6,70,3.05,67.7,70,188,3.05,3.05,0,3,176,3
2025-10-16 07:38:44.711222+00:00,8,8,69.7,70,188,188,66.6,70,3.06,67.4,70,188,3.06,3.04,0.02,2.98,176,3
2025-10-16 07:39:57.859643+00:00,8,8,69.7,70,188,188,66.7,70,3.07,65.8,70,188,3.07,3.05,0.02,2.98,180,3.01
2025-10-16 07:39:58.984524+00:00,8,8,69.7,70,188,188,66.7,70,3.07,65.8,70,188,3.07,3.05,0.02,2.98,180,3.01
2025-10-16 07:41:16.338542+00:00,8,8,69.7,70,188,188,66.5,70,3.07,66.6,70,188,3.07,3.03,0.04,2.96,182,3.01
2025-10-16 07:41:17.400926+00:00,8,8,69.7,70,188,188,66.5,70,3.07,66.7,70,188,3.07,3.04,0.03,2.97,193,3.01
2025-10-16 07:42:22.175266+00:00,8,8,69.7,70,188,188,66.9,70,3.06,67.2,70,188,3.06,3.04,0.02,2.98,178,3
2025-10-16 07:42:23.222073+00:00,8,8,69.7,70,188,188,66.9,70,3.06,67.3,70,188,3.06,3.04,0.02,2.98,178,2.99
2025-10-16 07:43:23.762505+00:00,8,8,69.7,70,188,188,68,70,3.07,67.8,70,188,3.07,3.05,0.02,2.98,171,3.02
2025-10-16 07:43:45.103940+00:00,8,8,69.8,70,188,188,67.1,70,3.08,67.4,70,188,3.08,3.03,0.05,2.95,184,3
2025-10-16 07:43:46.166409+00:00,8,8,69.7,70,188,188,67.1,70,3.08,67.2,70,188,3.08,3.02,0.06,2.94,182,3.01
2025-10-16 07:44:29.943023+00:00,8,8,69.7,70,188,188,67.1,70,3.05,68.4,70,188,3.05,3.04,0.01,2.99,178,3
2025-10-16 07:45:11.422996+00:00,8,8,69.7,70,188,188,66.9,70,3.07,67.2,70,188,3.07,3.04,0.03,2.97,178,3
2025-10-16 07:45:12.485312+00:00,8,8,69.7,70,188,188,66.9,70,3.07,67.4,70,188,3.07,3.04,0.03,2.97,178,3
2025-10-16 07:45:13.532138+00:00,8,8,69.8,70,188,188,66.9,70,3.07,67.4,70,188,3.07,3.04,0.03,2.97,178,2.99
2025-10-16 07:45:14.594462+00:00,8,8,69.8,70,188,188,66.9,70,3.07,67.5,70,188,3.07,3.03,0.04,2.96,181,2.99
2025-10-16 07:46:29.289739+00:00,8,8,69.8,70,188,188,66.6,70,3.09,66.3,70,188,3.09,3.05,0.04,2.96,176,3
2025-10-16 07:46:30.414537+00:00,8,8,69.7,70,188,188,66.7,70,3.1,66.2,70,188,3.1,3.03,0.07,2.93,187,3.02
2025-10-16 07:47:01.911288+00:00,8,8,69.8,70,188,188,67.9,70,3.08,68.2,70,188,3.08,3.04,0.04,2.96,176,3
2025-10-16 07:47:03.036083+00:00,8,8,69.8,70,188,188,67.8,70,3.08,68.2,70,188,3.08,3.04,0.04,2.96,176,3
2025-10-16 07:48:08.888549+00:00,8,8,69.7,70,188,188,67,70,3.07,66.5,70,188,3.07,3.05,0.02,2.98,186,3
2025-10-16 07:48:33.292133+00:00,8,8,69.7,70,188,188,67.1,70,3.08,66.4,70,188,3.08,3.04,0.04,2.96,166,2.99
2025-10-16 07:48:34.370302+00:00,8,8,69.6,70,188,188,67.2,70,3.08,66.4,70,188,3.08,3.04,0.04,2.96,172,2.99
2025-10-16 07:49:57.441480+00:00,8,8,69.7,70,188,188,68.1,70,3.05,68.1,70,188,3.05,3.05,0,3,171,3.02
2025-10-16 07:49:58.519416+00:00,8,8,69.7,70,188,188,68.2,70,3.05,67.8,70,188,3.05,3.05,0,3,171,3.02
2025-10-16 07:50:38.780861+00:00,8,8,69.7,70,188,188,67,70,3.04,66.8,70,188,3.04,3.05,-0.01,3.01,178,3.01
2025-10-16 07:50:39.843238+00:00,8,8,69.7,70,188,188,67.1,70,3.04,66.9,70,188,3.04,3.03,0.01,2.99,182,3.01
2025-10-16 07:50:58.997379+00:00,8,8,69.7,70,188,188,67.3,70,3.04,68,70,188,3.04,3.06,-0.02,3.02,185,3.02
2025-10-16 07:51:00.044218+00:00,8,8,69.7,70,188,188,67.3,70,3.04,67.8,70,188,3.04,3.05,-0.01,3.01,178,3.02
2025-10-16 07:51:40.633589+00:00,8,8,69.8,70,188,188,66.5,70,3.05,67.8,70,188,3.05,3.04,0.01,2.99,176,3
2025-10-16 07:51:41.664814+00:00,8,8,69.8,70,188,188,66.4,70,3.05,67.9,70,188,3.05,3.04,0.01,2.99,176,3
2025-10-16 07:52:42.158394+00:00,8,8,69.7,70,188,188,67.5,70,3.02,68,70,188,3.02,3.06,-0.04,3.04,184,3.04
2025-10-16 07:52:43.205080+00:00,8,8,69.8,70,188,188,67.4,70,3.02,68.1,70,188,3.02,3.04,-0.02,3.02,171,3.02
2025-10-16 07:53:18.076382+00:00,8,8,69.7,70,188,188,66.3,70,3.05,66.5,70,188,3.05,3.03,0.02,2.98,182,3.01
2025-10-16 07:53:19.138786+00:00,8,8,69.7,70,188,188,66.3,70,3.05,66.7,70,188,3.05,3.04,0.01,2.99,193,3.01
2025-10-16 07:53:26.544236+00:00,8,8,69.7,70,188,188,66.6,70,3.06,67.3,70,188,3.06,3.04,0.02,2.98,176,2.99
2025-10-16 07:53:27.590999+00:00,8,8,69.8,70,188,188,66.6,70,3.06,67.5,70,188,3.06,3.04,0.02,2.98,176,2.98
2025-10-16 07:53:28.637803+00:00,8,8,69.8,70,188,188,66.6,70,3.06,67.6,70,188,3.06,3.03,0.03,2.97,176,2.98
2025-10-16 07:54:12.930018+00:00,8,8,69.7,70,188,188,67.2,70,3.08,66.6,70,188,3.08,3.04,0.04,2.96,161,2.98
2025-10-16 07:55:11.751936+00:00,8,8,69.7,70,190,190,66.7,70,3.12,67.2,70,190,3.12,3.05,0.07,2.93,179,3.01
2025-10-16 07:55:12.798594+00:00,8,8,69.7,70,190,190,66.7,70,3.12,67.3,70,190,3.12,3.05,0.07,2.93,178,3.02
2025-10-16 07:55:13.861062+00:00,8,8,69.8,70,190,190,66.6,70,3.12,67.3,70,190,3.12,3.05,0.07,2.93,176,3
2025-10-16 07:55:17.001276+00:00,8,8,69.7,70,190,190,66.5,70,3.04,67.8,70,190,3.04,3.04,0,3,176,2.99
2025-10-16 07:55:18.063738+00:00,8,8,69.7,70,190,190,66.5,70,3.04,67.8,70,190,3.04,3.04,0,3,176,2.99
2025-10-16 07:55:19.141671+00:00,8,8,69.7,70,190,190,66.4,70,3.04,67.9,70,190,3.04,3.04,0,3,176,3
2025-10-16 09:01:39.459196+00:00,8,8,68.9,70,171,171,69.4,70,3.06,68.9,70,171,3.06,3.08,-0.02,3.02,160,3.05
2025-10-16 09:02:02.636870+00:00,8,8,68.9,70,172,172,69.5,70,3.15,71.1,70,172,3.15,3.06,0.09,2.91,160,3.03
2025-10-16 09:02:03.675940+00:00,8,8,68.9,70,176,176,69.5,70,3.15,71.1,70,176,3.15,3.04,0.11,2.89,160,3.03
2025-10-16 09:03:16.669033+00:00,8,8,69.1,70,186,186,68.5,70,3.08,68.4,70,186,3.08,3.06,0.02,2.98,177,3.01
2025-10-16 09:03:31.373618+00:00,8,8,69,70,188,188,69.3,70,3.11,69.1,70,188,3.11,3.08,0.03,2.97,156,3.04
2025-10-16 09:04:32.124574+00:00,8,8,69.2,70,192,192,68.8,70,3.05,69.8,70,192,3.05,3.07,-0.02,3.02,160,3.07
2025-10-16 09:04:33.186964+00:00,8,8,69.1,70,192,192,68.7,70,3.05,69.9,70,192,3.05,3.05,0,3,189,3.05
2025-10-16 09:04:34.233742+00:00,8,8,69.2,70,192,192,68.7,70,3.05,70,70,192,3.05,3.05,0,3,190,3.05
2025-10-16 09:04:37.361163+00:00,8,8,69.2,70,192,192,68.7,70,2.97,70.3,70,192,2.97,3.06,-0.09,3.09,185,3.1
2025-10-16 09:04:38.408203+00:00,8,8,69.3,70,189,189,68.7,70,2.97,70.4,70,189,2.97,3.05,-0.08,3.08,182,3.08
2025-10-16 09:04:58.488654+00:00,8,8,69.3,70,188,188,69.3,70,3.04,68.5,70,188,3.04,3.08,-0.04,3.04,190,3.07
2025-10-16 09:04:59.519852+00:00,8,8,69.4,70,188,188,69.3,70,3.04,68.3,70,188,3.04,3.08,-0.04,3.04,190,3.04
2025-10-16 09:05:31.234520+00:00,8,8,69.3,70,188,188,70,70,3.07,70.2,70,188,3.07,3.05,0.02,2.98,190,3.03
2025-10-16 09:05:32.296830+00:00,8,8,69.4,70,188,188,69.8,70,3.07,70.4,70,188,3.07,3.06,0.01,2.99,190,3.03
2025-10-16 09:05:58.693128+00:00,8,8,69.5,70,188,188,68.8,70,3.08,67.9,70,188,3.08,3.06,0.02,2.98,190,3.04
2025-10-16 09:05:59.753783+00:00,8,8,69.4,70,188,188,68.8,70,3.08,67.7,70,188,3.08,3.05,0.03,2.97,190,3.03
2025-10-16 09:06:00.784004+00:00,8,8,69.4,70,188,188,68.9,70,3.08,67.8,70,188,3.08,3.05,0.03,2.97,190,3.04
2025-10-16 09:07:32.707168+00:00,8,8,69.8,70,189,189,68.5,70,3,68.7,70,189,3,3.04,-0.04,3,189,3.04
2025-10-16 09:07:33.769481+00:00,8,8,69.7,70,188,188,68.6,70,3,68.5,70,188,3,3.11,-0.11,3,188,3.11
2025-10-16 09:08:24.373513+00:00,8,8,69.9,70,188,188,68.7,70,3.04,68.4,70,188,3.04,3.12,-0.08,3.08,189,3.08
2025-10-16 09:08:25.420336+00:00,8,8,69.8,70,188,188,68.7,70,3.04,68.3,70,188,3.04,3.11,-0.07,3.07,180,3.07
2025-10-16 09:09:32.772567+00:00,8,8,69.9,70,188,188,69.2,70,3.06,67.6,70,188,3.06,3.06,0,3,190,3.03
2025-10-16 09:09:33.834876+00:00,8,8,70,70,188,188,69.1,70,3.06,67.8,70,188,3.06,3.05,0.01,2.99,190,3.04
2025-10-16 09:10:42.360576+00:00,8,8,70,70,188,188,68.7,70,3.08,69.4,70,188,3.08,3.06,0.02,2.98,191,3.03
2025-10-16 09:10:43.407269+00:00,8,8,70,70,188,188,68.6,70,3.08,69.5,70,188,3.08,3.05,0.03,2.97,191,3.03
2025-10-16 09:11:43.463397+00:00,8,8,70.1,70,188,188,68.1,70,3.04,69.3,70,188,3.04,3.02,0.02,2.98,186,3
2025-10-16 09:12:24.490297+00:00,8,8,70,70,188,188,68,70,3.05,69.1,70,188,3.05,2.99,0.06,2.94,188,2.99
2025-10-16 09:12:25.537140+00:00,8,8,70.1,70,188,188,68,70,3.05,69.2,70,188,3.05,3,0.05,2.95,186,2.99
2025-10-16 09:13:14.266270+00:00,8,8,70.2,70,188,188,68.4,70,3.05,68.5,70,188,3.05,3.06,-0.01,3.01,191,3.03
2025-10-16 09:14:07.776298+00:00,8,8,70.2,70,188,188,67.6,70,3.05,68.7,70,188,3.05,3.03,0.02,2.98,180,2.99
2025-10-16 09:15:53.577582+00:00,8,8,70.3,70,188,188,67.6,70,3.05,67.7,70,188,3.05,3.04,0.01,2.99,181,3.01
2025-10-16 09:15:54.624266+00:00,8,8,70.3,70,188,188,67.7,70,3.05,67.9,70,188,3.05,3.05,0,3,193,3.01
2025-10-16 09:16:23.183818+00:00,8,8,70.3,70,188,188,68.6,70,3.05,67.5,70,188,3.05,3.11,-0.06,3.06,179,3.06
2025-10-16 09:16:24.230502+00:00,8,8,70.3,70,188,188,68.5,70,3.05,67.3,70,188,3.05,3.06,-0.01,3.01,177,3.04
2025-10-16 09:17:25.614699+00:00,8,8,70.3,70,188,188,67.5,70,3.04,67.7,70,188,3.04,3.04,0,3,181,3
2025-10-16 09:17:26.677006+00:00,8,8,70.3,70,188,188,67.5,70,3.04,67.5,70,188,3.04,3.04,0,3,181,3.01
2025-10-16 09:18:34.076110+00:00,8,8,70.2,70,189,189,67.9,70,3.09,66.2,70,189,3.09,3.04,0.05,2.95,190,2.99
2025-10-16 09:19:23.633435+00:00,8,8,70.2,70,189,189,67,70,3.03,67.1,70,189,3.03,3.04,-0.01,3.01,193,3.01
2025-10-16 09:19:24.680204+00:00,8,8,70.2,70,189,189,66.9,70,3.04,66.9,70,189,3.04,3.04,0,3,187,3
2025-10-16 09:19:56.333086+00:00,8,8,70.2,70,189,189,68.3,70,3.02,66.9,70,189,3.02,3.05,-0.03,3.03,193,3.04
2025-10-16 09:19:57.395479+00:00,8,8,70.1,70,189,189,68.2,70,3.02,67,70,189,3.02,3.06,-0.04,3.04,185,3.04
2025-10-16 09:19:58.442165+00:00,8,8,70.1,70,189,189,68.2,70,3.02,67,70,189,3.02,3.06,-0.04,3.04,185,3.04
2025-10-16 09:19:59.489008+00:00,8,8,70.1,70,189,189,68.1,70,3.03,67.2,70,189,3.03,3.04,-0.01,3.01,185,3.03
2025-10-16 09:20:00.582640+00:00,8,8,70.2,70,189,189,68.1,70,3.02,67.3,70,189,3.02,3.03,-0.01,3.01,188,3.01
2025-10-16 09:20:01.629417+00:00,8,8,70.3,70,189,189,68.1,70,3.02,67.4,70,189,3.02,3.02,0,3,188,3.01
2025-10-16 09:20:02.691792+00:00,8,8,70.1,70,189,189,68,70,3.01,67.7,70,189,3.01,3.04,-0.03,3,189,3.04
2025-10-16 09:20:03.754102+00:00,8,8,70.1,70,189,189,68,70,3.01,67.7,70,189,3.01,3.04,-0.03,3,189,3.04
2025-10-16 09:20:04.785332+00:00,8,8,70.1,70,189,189,67.9,70,3.01,67.8,70,189,3.01,3.04,-0.03,3,189,3.04
2025-10-16 09:20:05.847630+00:00,8,8,70.1,70,189,189,67.8,70,3.01,67.9,70,189,3.01,3.04,-0.03,3,189,3.04
2025-10-16 09:20:06.894477+00:00,8,8,70.1,70,189,189,67.7,70,3.01,68.1,70,189,3.01,3.05,-0.04,3,189,3.05
2025-10-16 09:20:07.925616+00:00,8,8,70.1,70,189,189,67.7,70,3.02,68.2,70,189,3.02,3.05,-0.03,3.03,185,3.03
2025-10-16 09:20:08.987974+00:00,8,8,70.1,70,189,189,67.7,70,3.02,68.3,70,189,3.02,3.03,-0.01,3.01,187,3.01
2025-10-16 09:20:10.019142+00:00,8,8,70.1,70,189,189,67.6,70,3.02,68.4,70,189,3.02,3.03,-0.01,3.01,187,3.01
2025-10-16 09:20:13.175044+00:00,8,8,70,70,189,189,67.5,70,3.01,68.4,70,189,3.01,3.03,-0.02,3,189,3.03
2025-10-16 09:20:14.206195+00:00,8,8,70.2,70,189,189,67.5,70,3.01,68.2,70,189,3.01,3.03,-0.02,3,189,3.03
2025-10-16 09:20:58.576493+00:00,8,8,70.1,70,189,189,67.3,70,3.05,66.9,70,189,3.05,3.05,0,3,185,3
2025-10-16 09:20:59.654424+00:00,8,8,70.1,70,189,189,67.3,70,3.05,67.1,70,189,3.05,3.04,0.01,2.99,162,2.99
2025-10-16 09:22:51.533187+00:00,8,8,70.1,70,187,187,67.4,70,3.04,66.5,70,187,3.04,3.03,0.01,2.99,161,3.01
2025-10-16 09:22:52.580029+00:00,8,8,70.2,70,187,187,67.4,70,3.04,66.6,70,187,3.04,3.04,0,3,170,3
2025-10-16 09:25:15.471050+00:00,8,8,70,70,187,187,67.3,70,3.06,68,70,187,3.06,3.02,0.04,2.96,186,3
2025-10-16 09:25:41.671397+00:00,8,8,70,70,188,188,67.4,70,3.1,65.8,70,188,3.1,3.05,0.05,2.95,182,3
2025-10-16 09:26:24.949853+00:00,8,8,70,70,189,189,66.8,70,3.03,66.6,70,189,3.03,3.04,-0.01,3.01,179,3.01
2025-10-16 09:26:25.981000+00:00,8,8,69.9,70,189,189,66.8,70,3.03,66.5,70,189,3.03,3.04,-0.01,3.01,186,3.01
2025-10-16 09:27:06.961037+00:00,8,8,70,70,189,189,67.2,70,3.04,68,70,189,3.04,3.02,0.02,2.98,186,2.98
2025-10-16 09:28:22.734247+00:00,8,8,69.9,70,189,189,66.6,70,3.05,66,70,189,3.05,3.07,-0.02,3.02,176,3.02
2025-10-16 09:28:23.796636+00:00,8,8,69.8,70,189,189,66.7,70,3.05,66,70,189,3.05,3.07,-0.02,3.02,176,3.02
2025-10-16 09:28:38.545068+00:00,8,8,69.9,70,189,189,67,70,3.03,66.6,70,189,3.03,3.04,-0.01,3.01,193,3.01
2025-10-16 09:28:39.623077+00:00,8,8,69.8,70,189,189,67,70,3.03,66.7,70,189,3.03,3.04,-0.01,3.01,193,3.02
2025-10-16 09:29:29.024085+00:00,8,8,69.8,70,189,189,66.6,70,3.06,65.9,70,189,3.06,3.06,0,3,179,3
2025-10-16 09:30:07.270047+00:00,8,8,69.8,70,189,189,67.4,70,3.07,67.2,70,189,3.07,3.05,0.02,2.98,182,2.99
2025-10-16 09:30:41.032085+00:00,8,8,69.8,70,189,189,66.9,70,3.05,67.6,70,189,3.05,3.04,0.01,2.99,178,2.99
2025-10-16 09:30:42.094390+00:00,8,8,69.9,70,189,189,66.9,70,3.05,67.7,70,189,3.05,3.04,0.01,2.99,178,2.99
2025-10-16 09:31:04.248296+00:00,8,8,69.8,70,189,189,66.9,70,3.07,67.9,70,189,3.07,3.04,0.03,2.97,178,2.99
2025-10-16 09:31:20.043492+00:00,8,8,69.8,70,190,190,67.2,70,3.09,66.3,70,190,3.09,3.05,0.04,2.96,161,2.97
2025-10-16 09:32:18.006175+00:00,8,8,69.8,70,190,190,67,70,3.07,66.8,70,190,3.07,3.05,0.02,2.98,178,3
2025-10-16 09:32:42.347266+00:00,8,8,69.8,70,191,191,67.6,70,3.08,66.9,70,191,3.08,3.05,0.03,2.97,176,3
2025-10-16 09:32:43.394046+00:00,8,8,69.8,70,191,191,67.5,70,3.08,67,70,191,3.08,3.06,0.02,2.98,176,3
2025-10-16 09:33:12.859654+00:00,8,8,69.8,70,191,191,66.5,70,3.05,66.5,70,191,3.05,3.08,-0.03,3.03,181,3.03
2025-10-16 09:33:13.922050+00:00,8,8,69.8,70,191,191,66.5,70,3.05,66.4,70,191,3.05,3.08,-0.03,3.03,188,3.03
2025-10-16 09:33:14.968887+00:00,8,8,69.8,70,191,191,66.6,70,3.05,66.3,70,191,3.05,3.05,0,3,176,3
2025-10-16 09:33:16.015570+00:00,8,8,69.8,70,191,191,66.5,70,3.05,66.2,70,191,3.05,3.06,-0.01,3.01,176,3.01
2025-10-16 09:33:17.078034+00:00,8,8,69.8,70,191,191,66.4,70,3.05,66.1,70,191,3.05,3.05,0,3,182,3.01
2025-10-16 09:33:18.140422+00:00,8,8,69.8,70,191,191,66.5,70,3.05,66.1,70,191,3.05,3.06,-0.01,3.01,176,3.01
2025-10-16 09:33:19.202733+00:00,8,8,69.8,70,191,191,66.5,70,3.05,66.2,70,191,3.05,3.06,-0.01,3.01,176,3.01
2025-10-16 09:33:20.233967+00:00,8,8,69.8,70,191,191,66.4,70,3.05,66,70,191,3.05,3.06,-0.01,3.01,179,3.02
2025-10-16 09:33:21.280717+00:00,8,8,69.8,70,191,191,66.4,70,3.05,66.1,70,191,3.05,3.05,0,3,182,3.01
2025-10-16 09:33:37.060214+00:00,8,8,69.8,70,191,191,66.8,70,3.09,66.6,70,191,3.09,3.09,0,3,186,3
2025-10-16 09:33:38.091433+00:00,8,8,69.8,70,191,191,66.8,70,3.09,66.7,70,191,3.09,3.05,0.04,2.96,178,3
